57330f22-4ce9-45a2-a004-c356ed8536e3,Health 155,2021-08-26T18:08:23.000Z,2021-09-05T06:16:22.000Z,Section_155@contosoisd3.onmicrosoft.com,Section_155,Section_155,155
5e3a0adc-95e4-4b71-b557-28bcedba5975,Art 122,2021-08-26T18:08:23.000Z,2021-09-05T06:16:22.000Z,Section_122@contosoisd3.onmicrosoft.com,Section_122,Section_122,122
6389ad33-9679-44f2-8a0f-707bfad74cc4,Music 42,2021-08-26T18:08:23.000Z,2021-09-05T06:16:22.000Z,Section_42@contosoisd3.onmicrosoft.com,Section_42,Section_42,42
665fac09-ede3-4806-94f5-9c33b7940718,Technology - Programming 34,2021-08-26T18:08:23.000Z,2021-09-05T06:16:22.000Z,Section_sec34@contosoisd3.onmicrosoft.com,Section_sec34,Section_sec34,sec34
80f95ecc-63a4-4cc6-8a8b-8316b7c9ca26,Math - Algebra 231,2021-08-26T18:08:23.000Z,2021-09-05T06:16:22.000Z,Section_231@contosoisd3.onmicrosoft.com,Section_231,Section_231,231
9718e6a9-cef1-45a6-85c9-b8cf4c34d107,Physical Education 137,2021-08-26T18:08:23.000Z,2021-09-05T06:16:22.000Z,Section_137@contosoisd3.onmicrosoft.com,Section_137,Section_137,137
a5fbd014-4cb6-4dea-8b9a-8d45f3247b06,Science Biology 116,2021-08-26T18:08:23.000Z,2021-09-05T06:16:22.000Z,Section_116@contosoisd3.onmicrosoft.com,Section_116,Section_116,116
a6bab37a-30db-462f-bc65-93868c3f76e0,Music 125,2021-08-26T18:08:23.000Z,2021-09-05T06:16:22.000Z,Section_125@contosoisd3.onmicrosoft.com,Section_125,Section_125,125
cbea8161-8008-4270-bda2-64fa4b67f563,Science Biology 4,2021-08-26T18:08:23.000Z,2021-09-05T06:16:22.000Z,Section_sec4@contosoisd3.onmicrosoft.com,Section_sec4,Section_sec4,sec4
d7542c8c-2e46-4a50-be27-511af7c36835,Art 14,2021-08-26T18:08:23.000Z,2021-09-05T06:16:22.000Z,Section_14@contosoisd3.onmicrosoft.com,Section_14,Section_14,14
03e4ab41-5fac-4a20-8271-b04be86845b2,Art 113,2021-08-26T18:08:23.000Z,2021-09-05T06:16:22.000Z,Section_113@contosoisd3.onmicrosoft.com,Section_113,Section_113,113
395a9f73-d1f7-4f3e-aba7-c874589444df,Math - Geometry 48,2021-08-26T18:08:23.000Z,2021-09-05T06:16:22.000Z,Section_sec48@contosoisd3.onmicrosoft.com,Section_sec48,Section_sec48,sec48
6c172d84-1912-403f-8e27-2f3b7757d93e,History - World History 58,2021-08-26T18:08:23.000Z,2021-09-05T06:16:22.000Z,Section_sec58@contosoisd3.onmicrosoft.com,Section_sec58,Section_sec58,sec58
9991657f-e87a-4fda-bfd8-8fbcdf6fca96,Music 118,2021-08-26T18:08:23.000Z,2021-09-05T06:16:22.000Z,Section_118@contosoisd3.onmicrosoft.com,Section_118,Section_118,118
afe8f344-ad38-4537-9b75-eecbb3d7834e,Math - Geometry 196,2021-08-26T18:08:23.000Z,2021-09-05T06:16:22.000Z,Section_196@contosoisd3.onmicrosoft.com,Section_196,Section_196,196
bd4d69c5-7971-421e-8bf8-e43c78be2e95,Art 92,2021-08-26T18:08:23.000Z,2021-09-05T06:16:22.000Z,Section_92@contosoisd3.onmicrosoft.com,Section_92,Section_92,92
be7831bb-bb1d-4b7b-a7a7-7645881c9196,Music 6,2021-08-26T18:08:23.000Z,2021-09-05T06:16:22.000Z,Section_6@contosoisd3.onmicrosoft.com,Section_6,Section_6,6
cf7e82da-3f8d-4db2-a7a4-b92ec93dcf71,Technology - Programming 164,2021-08-26T18:08:23.000Z,2021-09-05T06:16:22.000Z,Section_164@contosoisd3.onmicrosoft.com,Section_164,Section_164,164
f008e725-860d-4e59-bbad-e74666230915,Math - Algebra 72,2021-08-26T18:08:23.000Z,2021-09-05T06:16:22.000Z,Section_72@contosoisd3.onmicrosoft.com,Section_72,Section_72,72
f93b56ad-f417-4f34-860c-fb78a195ca0f,Health 144,2021-08-26T18:08:23.000Z,2021-09-05T06:16:22.000Z,Section_144@contosoisd3.onmicrosoft.com,Section_144,Section_144,144
11dd5b52-50cc-4fba-85f5-8726244a5995,History - World History 76,2021-08-26T18:08:23.000Z,2021-09-05T06:16:22.000Z,Section_sec76@contosoisd3.onmicrosoft.com,Section_sec76,Section_sec76,sec76
1dd720c1-b65b-4599-929a-144282727d91,History - World History 44,2021-08-26T18:08:23.000Z,2021-09-05T06:16:22.000Z,Section_44@contosoisd3.onmicrosoft.com,Section_44,Section_44,44
5814b1ac-83cf-4ef8-ae86-c95d3e53288b,Math - Geometry 71,2021-08-26T18:08:23.000Z,2021-09-05T06:16:22.000Z,Section_sec71@contosoisd3.onmicrosoft.com,Section_sec71,Section_sec71,sec71
65468860-d0ca-4f19-b530-41f4b666e68e,Math - Algebra 39,2021-08-26T18:08:23.000Z,2021-09-05T06:16:22.000Z,Section_sec39@contosoisd3.onmicrosoft.com,Section_sec39,Section_sec39,sec39
78bb15dc-2580-4bac-b494-5e3b8d11a179,Math - Algebra 88,2021-08-26T18:08:23.000Z,2021-09-05T06:16:22.000Z,Section_sec88@contosoisd3.onmicrosoft.com,Section_sec88,Section_sec88,sec88
7e64db55-8064-4412-8831-e840756655ff,Art 61,2021-08-26T18:08:23.000Z,2021-09-05T06:16:22.000Z,Section_61@contosoisd3.onmicrosoft.com,Section_61,Section_61,61
987fa4b6-7bc2-4c6f-8192-f39550ecf063,Health 204,2021-08-26T18:08:23.000Z,2021-09-05T06:16:22.000Z,Section_204@contosoisd3.onmicrosoft.com,Section_204,Section_204,204
b24b510d-a18b-4a5b-a4ef-ec11f08fe556,Science Biology 9,2021-08-26T18:08:23.000Z,2021-09-05T06:16:22.000Z,Section_sec9@contosoisd3.onmicrosoft.com,Section_sec9,Section_sec9,sec9
e889ef4c-55ab-4637-b257-69f02600d5a9,History - World History 22,2021-08-26T18:08:23.000Z,2021-09-05T06:16:22.000Z,Section_22@contosoisd3.onmicrosoft.com,Section_22,Section_22,22
1494c860-3c82-4215-ad75-aa0a78e85eb6,History - World History 156,2021-08-26T18:08:23.000Z,2021-09-05T06:16:22.000Z,Section_156@contosoisd3.onmicrosoft.com,Section_156,Section_156,156
1e603280-d5d9-40d4-8bd1-302db2cf31ba,Physical Education 74,2021-08-26T18:08:23.000Z,2021-09-05T06:16:22.000Z,Section_74@contosoisd3.onmicrosoft.com,Section_74,Section_74,74
1ec0b6a7-e669-4454-a483-559baab6ec2f,History - World History 215,2021-08-26T18:08:23.000Z,2021-09-05T06:16:22.000Z,Section_215@contosoisd3.onmicrosoft.com,Section_215,Section_215,215
28f1a169-1c69-41a0-9f44-1ee0f1919515,Art 181,2021-08-26T18:08:23.000Z,2021-09-05T06:16:22.000Z,Section_181@contosoisd3.onmicrosoft.com,Section_181,Section_181,181
2f141186-00bd-42b5-af07-131555b8b184,Math - Algebra 73,2021-08-26T18:08:23.000Z,2021-09-05T06:16:22.000Z,Section_73@contosoisd3.onmicrosoft.com,Section_73,Section_73,73
3285fe9a-6733-4db5-ad87-64cc445f173d,Physical Education 189,2021-08-26T18:08:23.000Z,2021-09-05T06:16:22.000Z,Section_189@contosoisd3.onmicrosoft.com,Section_189,Section_189,189
3968c8aa-dfc1-4887-bd53-5e852a1dc0cb,Math - Geometry 180,2021-08-26T18:08:23.000Z,2021-09-05T06:16:22.000Z,Section_180@contosoisd3.onmicrosoft.com,Section_180,Section_180,180
432c2053-6e93-4468-b474-d647257fa67e,Physical Education 177,2021-08-26T18:08:23.000Z,2021-09-05T06:16:22.000Z,Section_177@contosoisd3.onmicrosoft.com,Section_177,Section_177,177
6049c542-56f7-4ef8-84ff-44662e552fc6,Music 42,2021-08-26T18:08:23.000Z,2021-09-05T06:16:22.000Z,Section_sec42@contosoisd3.onmicrosoft.com,Section_sec42,Section_sec42,sec42
63754933-dbc7-4525-9a53-1bf810bf472f,Math - Geometry 13,2021-08-26T18:08:23.000Z,2021-09-05T06:16:22.000Z,Section_sec13@contosoisd3.onmicrosoft.com,Section_sec13,Section_sec13,sec13
b70f68f1-e4f2-4a90-9dea-64e341d3a85a,History - World History 198,2021-08-26T18:08:23.000Z,2021-09-05T06:16:22.000Z,Section_198@contosoisd3.onmicrosoft.com,Section_198,Section_198,198
4a145b08-41ff-411c-a359-0ef166f6efca,Science Biology 18,2021-08-26T18:08:23.000Z,2021-09-05T06:16:22.000Z,Section_18@contosoisd3.onmicrosoft.com,Section_18,Section_18,18
653d654b-8653-433a-8746-7036721063e3,Math - Algebra 46,2021-08-26T18:08:23.000Z,2021-09-05T06:16:22.000Z,Section_46@contosoisd3.onmicrosoft.com,Section_46,Section_46,46
70038157-486e-43f5-a63d-5ff0c938bbb7,Music 33,2021-08-26T18:08:23.000Z,2021-09-05T06:16:22.000Z,Section_33@contosoisd3.onmicrosoft.com,Section_33,Section_33,33
89f956d5-2b25-4a87-90bf-864a26948dac,Math - Algebra 77,2021-08-26T18:08:23.000Z,2021-09-05T06:16:22.000Z,Section_sec77@contosoisd3.onmicrosoft.com,Section_sec77,Section_sec77,sec77
b1e53e15-f434-4c93-975f-6cb10074a966,English Language 108,2021-08-26T18:08:23.000Z,2021-09-05T06:16:22.000Z,Section_108@contosoisd3.onmicrosoft.com,Section_108,Section_108,108
c56fd109-9899-461d-a6f2-f9646177855e,History - World History 222,2021-08-26T18:08:23.000Z,2021-09-05T06:16:22.000Z,Section_222@contosoisd3.onmicrosoft.com,Section_222,Section_222,222
08656e7f-9381-4b55-b3ef-b8b1ac4e5451,Health 38,2021-08-26T18:08:23.000Z,2021-09-05T06:16:22.000Z,Section_sec38@contosoisd3.onmicrosoft.com,Section_sec38,Section_sec38,sec38
22cb092b-1e67-4149-a4db-d88c3595cb9a,Math - Algebra 211,2021-08-26T18:08:23.000Z,2021-09-05T06:16:22.000Z,Section_211@contosoisd3.onmicrosoft.com,Section_211,Section_211,211
2df9a0ac-70a5-438c-9cf8-0f191e17562a,Science Biology 16,2021-08-26T18:08:23.000Z,2021-09-05T06:16:22.000Z,Section_16@contosoisd3.onmicrosoft.com,Section_16,Section_16,16
42916366-47c2-4eb6-bc53-a5a5217c9315,English Language 78,2021-08-26T18:08:23.000Z,2021-09-05T06:16:22.000Z,Section_78@contosoisd3.onmicrosoft.com,Section_78,Section_78,78
457a5d0e-7096-4f44-9402-b224b1ef2bb4,History - World History 120,2021-08-26T18:08:23.000Z,2021-09-05T06:16:22.000Z,Section_120@contosoisd3.onmicrosoft.com,Section_120,Section_120,120
66aa2f76-ea4c-443e-ac5b-74d29073cd90,English Language 192,2021-08-26T18:08:23.000Z,2021-09-05T06:16:22.000Z,Section_192@contosoisd3.onmicrosoft.com,Section_192,Section_192,192
7a369abd-193c-4c3e-9970-ca429e5466b2,Physical Education 40,2021-08-26T18:08:23.000Z,2021-09-05T06:16:22.000Z,Section_40@contosoisd3.onmicrosoft.com,Section_40,Section_40,40
a779a91a-4434-45b0-aac7-ff08896212bb,Technology - Programming 209,2021-08-26T18:08:23.000Z,2021-09-05T06:16:22.000Z,Section_209@contosoisd3.onmicrosoft.com,Section_209,Section_209,209
336d3a65-4602-4a26-a881-be19d1284416,English Language 64,2021-08-26T18:08:23.000Z,2021-09-05T06:16:22.000Z,Section_64@contosoisd3.onmicrosoft.com,Section_64,Section_64,64
9f4c9e39-737f-46fd-b87e-afef64d59ab4,Science Biology 114,2021-08-26T18:08:23.000Z,2021-09-05T06:16:22.000Z,Section_114@contosoisd3.onmicrosoft.com,Section_114,Section_114,114
a20f0fbc-a822-47d5-ba6d-d64fe80367a0,Music 79,2021-08-26T18:08:23.000Z,2021-09-05T06:16:22.000Z,Section_79@contosoisd3.onmicrosoft.com,Section_79,Section_79,79
e1ccddc7-b381-4b2f-b969-aabd30a433c3,Math - Geometry 56,2021-08-26T18:08:23.000Z,2021-09-05T06:16:22.000Z,Section_56@contosoisd3.onmicrosoft.com,Section_56,Section_56,56
eaad5987-4aef-4865-bb55-029212b7d28f,History - World History 212,2021-08-26T18:08:23.000Z,2021-09-05T06:16:22.000Z,Section_212@contosoisd3.onmicrosoft.com,Section_212,Section_212,212
219bbbe3-4b2b-423c-8cc2-3150c7c47ea1,Music 199,2021-08-26T18:08:23.000Z,2021-09-05T06:16:22.000Z,Section_199@contosoisd3.onmicrosoft.com,Section_199,Section_199,199
314b6583-7ab9-4758-8a10-71155bb8fa6c,Math - Algebra 83,2021-08-26T18:08:23.000Z,2021-09-05T06:16:22.000Z,Section_83@contosoisd3.onmicrosoft.com,Section_83,Section_83,83
4161eba9-892f-4921-82ce-e4055a71604e,Art 38,2021-08-26T18:08:23.000Z,2021-09-05T06:16:22.000Z,Section_38@contosoisd3.onmicrosoft.com,Section_38,Section_38,38
4fd76fc6-a7e9-4fd9-838b-ec480406b45d,Science Biology 160,2021-08-26T18:08:23.000Z,2021-09-05T06:16:22.000Z,Section_160@contosoisd3.onmicrosoft.com,Section_160,Section_160,160
67cdc71b-06c7-494a-ab90-4182a686cea3,Physical Education 124,2021-08-26T18:08:23.000Z,2021-09-05T06:16:22.000Z,Section_124@contosoisd3.onmicrosoft.com,Section_124,Section_124,124
7fd0a203-5482-434f-b274-c5abc0c7f0cd,Physical Education 138,2021-08-26T18:08:23.000Z,2021-09-05T06:16:22.000Z,Section_138@contosoisd3.onmicrosoft.com,Section_138,Section_138,138
87f0eceb-fa14-4a49-8615-045ad39a7301,Technology - Programming 109,2021-08-26T18:08:23.000Z,2021-09-05T06:16:22.000Z,Section_109@contosoisd3.onmicrosoft.com,Section_109,Section_109,109
8bfd426e-abc8-4431-b02d-c48a3ecb6a6f,Technology - Programming 94,2021-08-26T18:08:23.000Z,2021-09-05T06:16:22.000Z,Section_94@contosoisd3.onmicrosoft.com,Section_94,Section_94,94
c83601e8-2f68-4471-b64f-c0962b7561d0,Health 52,2021-08-26T18:08:23.000Z,2021-09-05T06:16:22.000Z,Section_sec52@contosoisd3.onmicrosoft.com,Section_sec52,Section_sec52,sec52
db07cc24-a05c-4153-a80c-55a9f27b0e7b,Physical Education 21,2021-08-26T18:08:23.000Z,2021-09-05T06:16:22.000Z,Section_21@contosoisd3.onmicrosoft.com,Section_21,Section_21,21
125bf844-367a-4cdb-9c6c-0333b712fc9f,Art 41,2021-08-26T18:08:23.000Z,2021-09-05T06:16:22.000Z,Section_41@contosoisd3.onmicrosoft.com,Section_41,Section_41,41
1d61b8a7-8fbf-41ea-9ed8-1a4dbc72a00c,Math - Algebra 210,2021-08-26T18:08:23.000Z,2021-09-05T06:16:22.000Z,Section_210@contosoisd3.onmicrosoft.com,Section_210,Section_210,210
249f9b5e-29f7-4f53-9a8f-e5180255e7c5,Physical Education 81,2021-08-26T18:08:23.000Z,2021-09-05T06:16:22.000Z,Section_81@contosoisd3.onmicrosoft.com,Section_81,Section_81,81
5768b406-46c0-46a7-8792-b73cccd38fac,Physical Education 194,2021-08-26T18:08:23.000Z,2021-09-05T06:16:22.000Z,Section_194@contosoisd3.onmicrosoft.com,Section_194,Section_194,194
63b14ecb-6779-433b-b6c0-29925c738f0d,Art 64,2021-08-26T18:08:23.000Z,2021-09-05T06:16:22.000Z,Section_sec64@contosoisd3.onmicrosoft.com,Section_sec64,Section_sec64,sec64
99d20a4c-bc0a-4bb5-9d81-fc17c680d7e9,Physical Education 104,2021-08-26T18:08:23.000Z,2021-09-05T06:16:22.000Z,Section_104@contosoisd3.onmicrosoft.com,Section_104,Section_104,104
ede2337e-6bd1-426a-9fe0-7dae91c510c1,Physical Education 71,2021-08-26T18:08:23.000Z,2021-09-05T06:16:22.000Z,Section_71@contosoisd3.onmicrosoft.com,Section_71,Section_71,71
fddac27b-8846-4664-ae99-3f0b4726abcd,Technology - Programming 224,2021-08-26T18:08:23.000Z,2021-09-05T06:16:22.000Z,Section_224@contosoisd3.onmicrosoft.com,Section_224,Section_224,224
59e9ef64-1d37-45c8-902a-ecd88c9090f4,Health 30,2021-08-26T18:08:23.000Z,2021-09-05T06:16:22.000Z,Section_30@contosoisd3.onmicrosoft.com,Section_30,Section_30,30
63853580-8710-4b81-88b4-146eef77f48a,Physical Education 3,2021-08-26T18:08:23.000Z,2021-09-05T06:16:22.000Z,Section_sec3@contosoisd3.onmicrosoft.com,Section_sec3,Section_sec3,sec3
66a49898-c4ad-49cf-b9ae-5b77dc4d9890,Technology - Programming 68,2021-08-26T18:08:23.000Z,2021-09-05T06:16:22.000Z,Section_68@contosoisd3.onmicrosoft.com,Section_68,Section_68,68
df67c7b0-c045-40ba-93eb-2177ccfdb3b4,Science Biology 140,2021-08-26T18:08:23.000Z,2021-09-05T06:16:22.000Z,Section_140@contosoisd3.onmicrosoft.com,Section_140,Section_140,140
ef9a175d-95c2-41d5-a8ed-770c93a1ffc3,Art 197,2021-08-26T18:08:23.000Z,2021-09-05T06:16:22.000Z,Section_197@contosoisd3.onmicrosoft.com,Section_197,Section_197,197
fa8fe551-4a75-44b2-9d64-f3f7e63be8b9,Art 5,2021-08-26T18:08:23.000Z,2021-09-05T06:16:22.000Z,Section_sec5@contosoisd3.onmicrosoft.com,Section_sec5,Section_sec5,sec5
0afa6faa-34cb-42be-b08f-8397df3ac9bf,History - World History 97,2021-08-26T18:08:23.000Z,2021-09-05T06:16:22.000Z,Section_97@contosoisd3.onmicrosoft.com,Section_97,Section_97,97
23d298e1-7975-4cde-8665-a806ddcf4c39,Health 50,2021-08-26T18:08:23.000Z,2021-09-05T06:16:22.000Z,Section_50@contosoisd3.onmicrosoft.com,Section_50,Section_50,50
4d352dee-227f-4d79-acee-a947e6b1c446,English Language 80,2021-08-26T18:08:23.000Z,2021-09-05T06:16:22.000Z,Section_sec80@contosoisd3.onmicrosoft.com,Section_sec80,Section_sec80,sec80
74d628bf-2d74-4b08-ac80-69fad95f9992,Art 151,2021-08-26T18:08:23.000Z,2021-09-05T06:16:22.000Z,Section_151@contosoisd3.onmicrosoft.com,Section_151,Section_151,151
c29525aa-0432-4623-be0a-f8d84e0acf6b,Art 112,2021-08-26T18:08:23.000Z,2021-09-05T06:16:22.000Z,Section_112@contosoisd3.onmicrosoft.com,Section_112,Section_112,112
eb207e8d-6b90-4fcb-a2c0-361d1c066747,English Language 206,2021-08-26T18:08:23.000Z,2021-09-05T06:16:22.000Z,Section_206@contosoisd3.onmicrosoft.com,Section_206,Section_206,206
f163a676-9b00-4d6f-bcf8-55939b4e686c,Math - Geometry 11,2021-08-26T18:08:23.000Z,2021-09-05T06:16:22.000Z,Section_11@contosoisd3.onmicrosoft.com,Section_11,Section_11,11
fb13e9d3-e4fa-4f69-a87e-8c8724559b71,History - World History 86,2021-08-26T18:08:23.000Z,2021-09-05T06:16:22.000Z,Section_86@contosoisd3.onmicrosoft.com,Section_86,Section_86,86
0ec8d1e6-ba76-471b-9745-0e60fa916c0d,Math - Algebra 17,2021-08-26T18:08:23.000Z,2021-09-05T06:16:22.000Z,Section_17@contosoisd3.onmicrosoft.com,Section_17,Section_17,17
19a53496-6fdd-424b-897e-77416c00d97e,Technology - Programming 141,2021-08-26T18:08:23.000Z,2021-09-05T06:16:22.000Z,Section_141@contosoisd3.onmicrosoft.com,Section_141,Section_141,141
1c052a2b-71f8-4fd8-91d3-acccdb95e9a1,History - World History 142,2021-08-26T18:08:23.000Z,2021-09-05T06:16:22.000Z,Section_142@contosoisd3.onmicrosoft.com,Section_142,Section_142,142
260229c9-addd-43f0-b1f6-b080529f3fc9,Math - Geometry 150,2021-08-26T18:08:23.000Z,2021-09-05T06:16:22.000Z,Section_150@contosoisd3.onmicrosoft.com,Section_150,Section_150,150
42220088-1004-4ee8-98c4-12a300a97eb8,Health 205,2021-08-26T18:08:23.000Z,2021-09-05T06:16:22.000Z,Section_205@contosoisd3.onmicrosoft.com,Section_205,Section_205,205
5aa7fe1d-d5d4-49df-91aa-494d772f1b72,Math - Geometry 178,2021-08-26T18:08:23.000Z,2021-09-05T06:16:22.000Z,Section_178@contosoisd3.onmicrosoft.com,Section_178,Section_178,178
9891df52-91d1-41f7-b083-672a822b0338,Math - Algebra 41,2021-08-26T18:08:23.000Z,2021-09-05T06:16:22.000Z,Section_sec41@contosoisd3.onmicrosoft.com,Section_sec41,Section_sec41,sec41
b5525ea6-5e79-4e65-999e-d0fe530ca6c4,Music 86,2021-08-26T18:08:23.000Z,2021-09-05T06:16:22.000Z,Section_sec86@contosoisd3.onmicrosoft.com,Section_sec86,Section_sec86,sec86
b76ae114-eacd-4073-ae94-083164ddca4b,History - World History 123,2021-08-26T18:08:23.000Z,2021-09-05T06:16:22.000Z,Section_123@contosoisd3.onmicrosoft.com,Section_123,Section_123,123
d2eff963-21d5-4d90-9307-109f238db2a3,Health 129,2021-08-26T18:08:23.000Z,2021-09-05T06:16:22.000Z,Section_129@contosoisd3.onmicrosoft.com,Section_129,Section_129,129
fa7cda04-42c8-4217-ad7b-060db3b57294,Math - Geometry 200,2021-08-26T18:08:23.000Z,2021-09-05T06:16:22.000Z,Section_200@contosoisd3.onmicrosoft.com,Section_200,Section_200,200
364c5af5-8bd5-44eb-ab00-88212c447c3a,Math - Geometry 90,2021-08-26T18:08:23.000Z,2021-09-05T06:16:22.000Z,Section_sec90@contosoisd3.onmicrosoft.com,Section_sec90,Section_sec90,sec90
4f41cf7f-1d7b-48b6-ac73-3e46eb476cf3,History - World History 175,2021-08-26T18:08:23.000Z,2021-09-05T06:16:22.000Z,Section_175@contosoisd3.onmicrosoft.com,Section_175,Section_175,175
63a2316c-003e-4303-8aea-5b7e71ed0dec,English Language 134,2021-08-26T18:08:23.000Z,2021-09-05T06:16:22.000Z,Section_134@contosoisd3.onmicrosoft.com,Section_134,Section_134,134
a6f4eeb2-8abc-4baa-aca2-361b6ccff60d,Health 208,2021-08-26T18:08:23.000Z,2021-09-05T06:16:22.000Z,Section_208@contosoisd3.onmicrosoft.com,Section_208,Section_208,208
bf768860-2a92-431c-bf10-969a6628cb37,Physical Education 10,2021-08-26T18:08:23.000Z,2021-09-05T06:16:22.000Z,Section_10@contosoisd3.onmicrosoft.com,Section_10,Section_10,10
c8925f57-a203-4c5d-b7c8-d30632ffe085,English Language 190,2021-08-26T18:08:23.000Z,2021-09-05T06:16:22.000Z,Section_190@contosoisd3.onmicrosoft.com,Section_190,Section_190,190
d1235ef4-d996-4717-99d5-fff83d259944,Math - Geometry 185,2021-08-26T18:08:23.000Z,2021-09-05T06:16:22.000Z,Section_185@contosoisd3.onmicrosoft.com,Section_185,Section_185,185
dd1e9e4c-ece6-49c3-bcd0-dabc881fa241,English Language 58,2021-08-26T18:08:23.000Z,2021-09-05T06:16:22.000Z,Section_58@contosoisd3.onmicrosoft.com,Section_58,Section_58,58
f7e5f385-de56-476f-a76f-8d93e8710c70,Art 13,2021-08-26T18:08:23.000Z,2021-09-05T06:16:22.000Z,Section_13@contosoisd3.onmicrosoft.com,Section_13,Section_13,13
1b4dc145-ac24-48dc-bba4-07e800cad2b5,English Language 158,2021-08-26T18:08:23.000Z,2021-09-05T06:16:22.000Z,Section_158@contosoisd3.onmicrosoft.com,Section_158,Section_158,158
1d5f7685-7230-446e-82bc-f62b27d575f7,Science Biology 93,2021-08-26T18:08:23.000Z,2021-09-05T06:16:22.000Z,Section_93@contosoisd3.onmicrosoft.com,Section_93,Section_93,93
2705e08c-e4be-4a17-b1ed-4610982d53d7,Math - Algebra 20,2021-08-26T18:08:23.000Z,2021-09-05T06:16:22.000Z,Section_20@contosoisd3.onmicrosoft.com,Section_20,Section_20,20
28f8123c-279d-4cf4-8bbc-a2640c7ebc38,Art 98,2021-08-26T18:08:23.000Z,2021-09-05T06:16:22.000Z,Section_98@contosoisd3.onmicrosoft.com,Section_98,Section_98,98
6718bb88-626f-482f-ba90-5e120935d426,Physical Education 69,2021-08-26T18:08:23.000Z,2021-09-05T06:16:22.000Z,Section_69@contosoisd3.onmicrosoft.com,Section_69,Section_69,69
83419fe0-f42c-45fe-b82e-cd3057382243,Technology - Programming 228,2021-08-26T18:08:23.000Z,2021-09-05T06:16:22.000Z,Section_228@contosoisd3.onmicrosoft.com,Section_228,Section_228,228
848b1312-3b65-4ecd-9cac-819f322a1c5f,Math - Algebra 7,2021-08-26T18:08:23.000Z,2021-09-05T06:16:22.000Z,Section_sec7@contosoisd3.onmicrosoft.com,Section_sec7,Section_sec7,sec7
e046080a-7797-41e2-a68c-f14541a45c4f,English Language 43,2021-08-26T18:08:23.000Z,2021-09-05T06:16:22.000Z,Section_sec43@contosoisd3.onmicrosoft.com,Section_sec43,Section_sec43,sec43
f9519abd-0851-4341-afcc-54f7aaf3de17,Science Biology 136,2021-08-26T18:08:23.000Z,2021-09-05T06:16:22.000Z,Section_136@contosoisd3.onmicrosoft.com,Section_136,Section_136,136
0bb8530e-a3ed-472e-951e-7e40c5d73918,Technology - Programming 37,2021-08-26T18:08:23.000Z,2021-09-05T06:16:22.000Z,Section_37@contosoisd3.onmicrosoft.com,Section_37,Section_37,37
3734aeea-9011-47fa-a7ce-cb61855ec30c,Math - Algebra 154,2021-08-26T18:08:23.000Z,2021-09-05T06:16:22.000Z,Section_154@contosoisd3.onmicrosoft.com,Section_154,Section_154,154
6820bed3-0856-48c7-95f7-54b6670f4eec,Math - Algebra 103,2021-08-26T18:08:23.000Z,2021-09-05T06:16:22.000Z,Section_103@contosoisd3.onmicrosoft.com,Section_103,Section_103,103
8bb55dad-3b71-4a4a-a5a9-10a9c65cc2cc,History - World History 51,2021-08-26T18:08:23.000Z,2021-09-05T06:16:22.000Z,Section_sec51@contosoisd3.onmicrosoft.com,Section_sec51,Section_sec51,sec51
a423f847-5bd9-49bf-a1af-d2d3b0b175b3,Art 45,2021-08-26T18:08:23.000Z,2021-09-05T06:16:22.000Z,Section_sec45@contosoisd3.onmicrosoft.com,Section_sec45,Section_sec45,sec45
bda430f7-e630-415e-b1bd-6c1b5e253553,Health 117,2021-08-26T18:08:23.000Z,2021-09-05T06:16:22.000Z,Section_117@contosoisd3.onmicrosoft.com,Section_117,Section_117,117
d498403d-f6ba-4848-ade6-c4712c5b6a6b,Science Biology 23,2021-08-26T18:08:23.000Z,2021-09-05T06:16:22.000Z,Section_23@contosoisd3.onmicrosoft.com,Section_23,Section_23,23
df1f4d37-ae9d-401d-bd80-84044dad6b59,English Language 67,2021-08-26T18:08:23.000Z,2021-09-05T06:16:22.000Z,Section_67@contosoisd3.onmicrosoft.com,Section_67,Section_67,67
f0a60b87-9053-4ffa-a3c6-d322bc56111d,Music 22,2021-08-26T18:08:23.000Z,2021-09-05T06:16:22.000Z,Section_sec22@contosoisd3.onmicrosoft.com,Section_sec22,Section_sec22,sec22
f6621046-deeb-4478-88c9-de3f3c6c3fe1,Health 146,2021-08-26T18:08:23.000Z,2021-09-05T06:16:22.000Z,Section_146@contosoisd3.onmicrosoft.com,Section_146,Section_146,146
2b6c68f0-f3ea-4a95-a48f-829d9caf6b7e,Health 226,2021-08-26T18:08:23.000Z,2021-09-05T06:16:22.000Z,Section_226@contosoisd3.onmicrosoft.com,Section_226,Section_226,226
3425c452-ed79-44c4-8696-f72c5f6d1690,Math - Geometry 28,2021-08-26T18:08:23.000Z,2021-09-05T06:16:22.000Z,Section_sec28@contosoisd3.onmicrosoft.com,Section_sec28,Section_sec28,sec28
abf452f8-aaa6-4eac-a51b-970287c9371b,Health 60,2021-08-26T18:08:23.000Z,2021-09-05T06:16:22.000Z,Section_60@contosoisd3.onmicrosoft.com,Section_60,Section_60,60
bd79c96d-0bb7-4745-ab89-9da1e44b5b57,Physical Education 152,2021-08-26T18:08:23.000Z,2021-09-05T06:16:22.000Z,Section_152@contosoisd3.onmicrosoft.com,Section_152,Section_152,152
cea2a257-f8e5-4ef7-873b-bdb0e70fd465,Math - Geometry 10,2021-08-26T18:08:23.000Z,2021-09-05T06:16:22.000Z,Section_sec10@contosoisd3.onmicrosoft.com,Section_sec10,Section_sec10,sec10
d24dc49c-56a6-4ac8-b31d-1d8a61cb9990,Math - Algebra 133,2021-08-26T18:08:23.000Z,2021-09-05T06:16:22.000Z,Section_133@contosoisd3.onmicrosoft.com,Section_133,Section_133,133
0133b027-629b-446e-adb7-5a251a6168a2,History - World History 165,2021-08-26T18:08:23.000Z,2021-09-05T06:16:22.000Z,Section_165@contosoisd3.onmicrosoft.com,Section_165,Section_165,165
091ad237-70bb-4406-80b0-3bee05f636c7,Health 230,2021-08-26T18:08:23.000Z,2021-09-05T06:16:22.000Z,Section_230@contosoisd3.onmicrosoft.com,Section_230,Section_230,230
15672908-3d0a-4844-a179-c0df356c35b1,Health 52,2021-08-26T18:08:23.000Z,2021-09-05T06:16:22.000Z,Section_52@contosoisd3.onmicrosoft.com,Section_52,Section_52,52
41d5a692-4ff4-4923-9433-285527b14011,Math - Geometry 176,2021-08-26T18:08:23.000Z,2021-09-05T06:16:22.000Z,Section_176@contosoisd3.onmicrosoft.com,Section_176,Section_176,176
4930e563-94db-4dbd-ae38-a334ed398019,Math - Algebra 201,2021-08-26T18:08:23.000Z,2021-09-05T06:16:22.000Z,Section_201@contosoisd3.onmicrosoft.com,Section_201,Section_201,201
5c9d3f99-542c-4a2e-87df-b3b6b58d5ebf,Technology - Programming 66,2021-08-26T18:08:23.000Z,2021-09-05T06:16:22.000Z,Section_66@contosoisd3.onmicrosoft.com,Section_66,Section_66,66
72b6fe42-47ac-47ab-9334-818251d88d1e,Art 7,2021-08-26T18:08:23.000Z,2021-09-05T06:16:22.000Z,Section_7@contosoisd3.onmicrosoft.com,Section_7,Section_7,7
7f54f4a7-c21f-45cc-8199-4bdc3fbd9e47,History - World History 47,2021-08-26T18:08:23.000Z,2021-09-05T06:16:22.000Z,Section_sec47@contosoisd3.onmicrosoft.com,Section_sec47,Section_sec47,sec47
8235de5c-214a-4e14-8894-1c7eea187ae8,Math - Algebra 81,2021-08-26T18:08:23.000Z,2021-09-05T06:16:22.000Z,Section_sec81@contosoisd3.onmicrosoft.com,Section_sec81,Section_sec81,sec81
9e93d176-87b3-4836-b6d0-3e3f992f53f7,Science Biology 157,2021-08-26T18:08:23.000Z,2021-09-05T06:16:22.000Z,Section_157@contosoisd3.onmicrosoft.com,Section_157,Section_157,157
d4f210a8-45d5-4758-954e-a9452451d923,Health 28,2021-08-26T18:08:23.000Z,2021-09-05T06:16:22.000Z,Section_28@contosoisd3.onmicrosoft.com,Section_28,Section_28,28
dd73bd87-8b71-48d8-aaa8-49e5a8560ed4,Technology - Programming 149,2021-08-26T18:08:23.000Z,2021-09-05T06:16:22.000Z,Section_149@contosoisd3.onmicrosoft.com,Section_149,Section_149,149
01f20bd7-aaa0-4be3-9351-8e46ec6fa4f5,History - World History 1,2021-08-26T18:08:23.000Z,2021-09-05T06:16:22.000Z,Section_sec1@contosoisd3.onmicrosoft.com,Section_sec1,Section_sec1,sec1
0536b42b-cc3d-430d-bdb4-119e366163d9,English Language 51,2021-08-26T18:08:23.000Z,2021-09-05T06:16:22.000Z,Section_51@contosoisd3.onmicrosoft.com,Section_51,Section_51,51
09ef5dc4-bf48-4f28-b635-98ebf3b2c7a0,Science Biology 2,2021-08-26T18:08:23.000Z,2021-09-05T06:16:22.000Z,Section_2@contosoisd3.onmicrosoft.com,Section_2,Section_2,2
11f99f82-1237-4854-adef-6c569227838d,Health 169,2021-08-26T18:08:23.000Z,2021-09-05T06:16:22.000Z,Section_169@contosoisd3.onmicrosoft.com,Section_169,Section_169,169
165a2d71-893f-4448-b6bb-40b91329162f,Art 127,2021-08-26T18:08:23.000Z,2021-09-05T06:16:22.000Z,Section_127@contosoisd3.onmicrosoft.com,Section_127,Section_127,127
3904d434-7db3-49ba-9e82-67f5034dc24e,Physical Education 102,2021-08-26T18:08:23.000Z,2021-09-05T06:16:22.000Z,Section_102@contosoisd3.onmicrosoft.com,Section_102,Section_102,102
3bb7db4e-59b4-489e-80f6-a6bbbdca0f92,Art 19,2021-08-26T18:08:23.000Z,2021-09-05T06:16:22.000Z,Section_sec19@contosoisd3.onmicrosoft.com,Section_sec19,Section_sec19,sec19
481807ba-bd01-4699-9653-277425f1043b,Science Biology 95,2021-08-26T18:08:23.000Z,2021-09-05T06:16:22.000Z,Section_95@contosoisd3.onmicrosoft.com,Section_95,Section_95,95
a5debbc4-fa1d-40ac-8739-07c71cae2276,Art 233,2021-08-26T18:08:23.000Z,2021-09-05T06:16:22.000Z,Section_233@contosoisd3.onmicrosoft.com,Section_233,Section_233,233
cbf0c67f-4382-4d82-aa13-3b17c22cbd82,Music 21,2021-08-26T18:08:23.000Z,2021-09-05T06:16:22.000Z,Section_sec21@contosoisd3.onmicrosoft.com,Section_sec21,Section_sec21,sec21
dfbb0f8a-7136-4535-af23-7c37d689ed93,Music 105,2021-08-26T18:08:23.000Z,2021-09-05T06:16:22.000Z,Section_105@contosoisd3.onmicrosoft.com,Section_105,Section_105,105
e24dfbc5-09fd-4c7d-a2e2-da183ae7dfae,History - World History 67,2021-08-26T18:08:23.000Z,2021-09-05T06:16:22.000Z,Section_sec67@contosoisd3.onmicrosoft.com,Section_sec67,Section_sec67,sec67
ef9d594b-eb7a-46f4-a99e-eebb704527c9,History - World History 75,2021-08-26T18:08:23.000Z,2021-09-05T06:16:22.000Z,Section_75@contosoisd3.onmicrosoft.com,Section_75,Section_75,75
41a47b74-f7bf-4cb8-90b3-c02c18eea19e,Science Biology 17,2021-08-26T18:08:23.000Z,2021-09-05T06:16:22.000Z,Section_sec17@contosoisd3.onmicrosoft.com,Section_sec17,Section_sec17,sec17
515068d0-005a-41c9-9c86-0fcf53f01817,History - World History 31,2021-08-26T18:08:23.000Z,2021-09-05T06:16:22.000Z,Section_31@contosoisd3.onmicrosoft.com,Section_31,Section_31,31
5a28aaff-3cf0-4073-b8d0-b22a372eb0cc,Science Biology 221,2021-08-26T18:08:23.000Z,2021-09-05T06:16:22.000Z,Section_221@contosoisd3.onmicrosoft.com,Section_221,Section_221,221
66eade05-3aab-4f65-83f4-d41791ca2778,Art 2,2021-08-26T18:08:23.000Z,2021-09-05T06:16:22.000Z,Section_sec2@contosoisd3.onmicrosoft.com,Section_sec2,Section_sec2,sec2
7ec2bd60-a5a7-4f8a-9095-24db16f1ca57,Music 107,2021-08-26T18:08:23.000Z,2021-09-05T06:16:22.000Z,Section_107@contosoisd3.onmicrosoft.com,Section_107,Section_107,107
8f517a25-1d16-48c0-a9f9-a66e66d59870,Technology - Programming 34,2021-08-26T18:08:23.000Z,2021-09-05T06:16:22.000Z,Section_34@contosoisd3.onmicrosoft.com,Section_34,Section_34,34
9ab188a9-815d-411d-83a3-a98b56a6c614,Math - Algebra 1,2021-08-26T18:08:23.000Z,2021-09-05T06:16:22.000Z,Section_1@contosoisd3.onmicrosoft.com,Section_1,Section_1,1
becea17f-5abe-4c26-aad6-d693abcfa794,Science Biology 90,2021-08-26T18:08:23.000Z,2021-09-05T06:16:22.000Z,Section_90@contosoisd3.onmicrosoft.com,Section_90,Section_90,90
e415eb8c-18a2-4bf1-bf6c-aebb0d0c6256,Science Biology 12,2021-08-26T18:08:23.000Z,2021-09-05T06:16:22.000Z,Section_sec12@contosoisd3.onmicrosoft.com,Section_sec12,Section_sec12,sec12
00b46d9a-b83c-478b-bf80-d0c1450b7230,Music 53,2021-08-26T18:08:23.000Z,2021-09-05T06:16:22.000Z,Section_sec53@contosoisd3.onmicrosoft.com,Section_sec53,Section_sec53,sec53
37ab9527-77a5-4bda-b7c7-e9e2986ed887,Music 195,2021-08-26T18:08:23.000Z,2021-09-05T06:16:22.000Z,Section_195@contosoisd3.onmicrosoft.com,Section_195,Section_195,195
40ec4319-460d-4e10-9f39-530bdfac5d96,Physical Education 131,2021-08-26T18:08:23.000Z,2021-09-05T06:16:22.000Z,Section_131@contosoisd3.onmicrosoft.com,Section_131,Section_131,131
83f2ce46-05c3-46d8-b5a4-4e192f0e325a,Health 161,2021-08-26T18:08:23.000Z,2021-09-05T06:16:22.000Z,Section_161@contosoisd3.onmicrosoft.com,Section_161,Section_161,161
84f0b6bb-1fb3-405d-9cbe-efa90986cb7c,Math - Algebra 16,2021-08-26T18:08:23.000Z,2021-09-05T06:16:22.000Z,Section_sec16@contosoisd3.onmicrosoft.com,Section_sec16,Section_sec16,sec16
973e0339-7b48-4901-bb52-7b4e6ee69f63,Math - Algebra 14,2021-08-26T18:08:23.000Z,2021-09-05T06:16:22.000Z,Section_sec14@contosoisd3.onmicrosoft.com,Section_sec14,Section_sec14,sec14
a4d9d085-ccd0-464d-80be-87683661a52a,Technology - Programming 106,2021-08-26T18:08:23.000Z,2021-09-05T06:16:22.000Z,Section_106@contosoisd3.onmicrosoft.com,Section_106,Section_106,106
b57445ac-99a9-4dd3-9d41-7dde5cfad479,Art 24,2021-08-26T18:08:23.000Z,2021-09-05T06:16:22.000Z,Section_sec24@contosoisd3.onmicrosoft.com,Section_sec24,Section_sec24,sec24
d12efcb5-2268-4f83-a0b8-b75bb1abaa05,History - World History 12,2021-08-26T18:08:23.000Z,2021-09-05T06:16:22.000Z,Section_12@contosoisd3.onmicrosoft.com,Section_12,Section_12,12
e4bf7970-f6c8-4edd-ba65-befe81061f30,Math - Algebra 182,2021-08-26T18:08:23.000Z,2021-09-05T06:16:22.000Z,Section_182@contosoisd3.onmicrosoft.com,Section_182,Section_182,182
e6847db3-e229-483a-a496-318fcd7eaf73,Math - Geometry 35,2021-08-26T18:08:23.000Z,2021-09-05T06:16:22.000Z,Section_sec35@contosoisd3.onmicrosoft.com,Section_sec35,Section_sec35,sec35
f0c9fdeb-214d-4621-914c-9a80898bb8ac,Technology - Programming 49,2021-08-26T18:08:23.000Z,2021-09-05T06:16:22.000Z,Section_sec49@contosoisd3.onmicrosoft.com,Section_sec49,Section_sec49,sec49
0237dd1b-1b2e-44b5-a3d5-fd379016d00b,Music 184,2021-08-26T18:08:23.000Z,2021-09-05T06:16:22.000Z,Section_184@contosoisd3.onmicrosoft.com,Section_184,Section_184,184
42dedc42-07a8-49a4-94d5-fe0d3ffb9d8e,English Language 219,2021-08-26T18:08:23.000Z,2021-09-05T06:16:22.000Z,Section_219@contosoisd3.onmicrosoft.com,Section_219,Section_219,219
9374f615-9d20-4ad2-afda-68d98ceb71ee,English Language 73,2021-08-26T18:08:23.000Z,2021-09-05T06:16:22.000Z,Section_sec73@contosoisd3.onmicrosoft.com,Section_sec73,Section_sec73,sec73
b86a3f48-054f-4d98-8d61-d87fda972ec0,Music 162,2021-08-26T18:08:23.000Z,2021-09-05T06:16:22.000Z,Section_162@contosoisd3.onmicrosoft.com,Section_162,Section_162,162
06541127-1d6e-4fad-b5a3-a57c39dcbca6,English Language 119,2021-08-26T18:08:23.000Z,2021-09-05T06:16:22.000Z,Section_119@contosoisd3.onmicrosoft.com,Section_119,Section_119,119
0a128022-bebb-44f9-bb99-b2403b6ceb01,Math - Algebra 46,2021-08-26T18:08:23.000Z,2021-09-05T06:16:22.000Z,Section_sec46@contosoisd3.onmicrosoft.com,Section_sec46,Section_sec46,sec46
28c5a3fb-c22d-4d88-aa3a-e2e9eabc8c2d,Math - Algebra 27,2021-08-26T18:08:23.000Z,2021-09-05T06:16:22.000Z,Section_27@contosoisd3.onmicrosoft.com,Section_27,Section_27,27
31e9ca4e-38a3-4ad2-addb-21b8240aa735,English Language 75,2021-08-26T18:08:23.000Z,2021-09-05T06:16:22.000Z,Section_sec75@contosoisd3.onmicrosoft.com,Section_sec75,Section_sec75,sec75
634163d3-bc30-49f3-af6d-d5e6d7d29119,History - World History 83,2021-08-26T18:08:23.000Z,2021-09-05T06:16:22.000Z,Section_sec83@contosoisd3.onmicrosoft.com,Section_sec83,Section_sec83,sec83
c7a27191-4d0d-439d-bbdf-f055826d16d1,History - World History 135,2021-08-26T18:08:23.000Z,2021-09-05T06:16:22.000Z,Section_135@contosoisd3.onmicrosoft.com,Section_135,Section_135,135
ce20053e-00e1-4c96-8055-85145b501b99,Physical Education 79,2021-08-26T18:08:23.000Z,2021-09-05T06:16:22.000Z,Section_sec79@contosoisd3.onmicrosoft.com,Section_sec79,Section_sec79,sec79
e02618df-35d2-4989-b130-917034a26b21,Science Biology 3,2021-08-26T18:08:23.000Z,2021-09-05T06:16:22.000Z,Section_3@contosoisd3.onmicrosoft.com,Section_3,Section_3,3
ec31f8eb-9ab8-41f4-9e0b-fe44e3f5764b,Math - Algebra 91,2021-08-26T18:08:23.000Z,2021-09-05T06:16:22.000Z,Section_91@contosoisd3.onmicrosoft.com,Section_91,Section_91,91
f21c28b5-1306-4bc7-80ac-9f05410d35db,Art 218,2021-08-26T18:08:23.000Z,2021-09-05T06:16:22.000Z,Section_218@contosoisd3.onmicrosoft.com,Section_218,Section_218,218
fb8893df-277d-4842-94a8-4f90c59e0830,Science Biology 15,2021-08-26T18:08:23.000Z,2021-09-05T06:16:22.000Z,Section_sec15@contosoisd3.onmicrosoft.com,Section_sec15,Section_sec15,sec15
0ca8e018-413f-4506-be47-e611fb8f66f1,English Language 4,2021-08-26T18:08:23.000Z,2021-09-05T06:16:22.000Z,Section_4@contosoisd3.onmicrosoft.com,Section_4,Section_4,4
588a61a4-3a08-4f75-8ab0-b0c3632b0f45,Art 89,2021-08-26T18:08:23.000Z,2021-09-05T06:16:22.000Z,Section_89@contosoisd3.onmicrosoft.com,Section_89,Section_89,89
b49a7e6d-6130-421a-b27d-fa668fb13fa8,Math - Algebra 148,2021-08-26T18:08:23.000Z,2021-09-05T06:16:22.000Z,Section_148@contosoisd3.onmicrosoft.com,Section_148,Section_148,148
d8dd0d16-4e0c-4084-a3a5-00eac3e9832f,Music 29,2021-08-26T18:08:23.000Z,2021-09-05T06:16:22.000Z,Section_29@contosoisd3.onmicrosoft.com,Section_29,Section_29,29
ee095087-f950-49f8-9b35-7038154a50a7,English Language 54,2021-08-26T18:08:23.000Z,2021-09-05T06:16:22.000Z,Section_sec54@contosoisd3.onmicrosoft.com,Section_sec54,Section_sec54,sec54
03ce8c05-236a-44af-baa3-12fbcc31464b,Math - Algebra 179,2021-08-26T18:08:23.000Z,2021-09-05T06:16:22.000Z,Section_179@contosoisd3.onmicrosoft.com,Section_179,Section_179,179
0a507768-e681-478a-b1ff-4aaa4475c5a7,Technology - Programming 18,2021-08-26T18:08:23.000Z,2021-09-05T06:16:22.000Z,Section_sec18@contosoisd3.onmicrosoft.com,Section_sec18,Section_sec18,sec18
5979985a-aed5-4e49-b95f-d6672982f244,Technology - Programming 153,2021-08-26T18:08:23.000Z,2021-09-05T06:16:22.000Z,Section_153@contosoisd3.onmicrosoft.com,Section_153,Section_153,153
688950a5-a251-4e64-99da-f83cce823371,Art 15,2021-08-26T18:08:23.000Z,2021-09-05T06:16:22.000Z,Section_15@contosoisd3.onmicrosoft.com,Section_15,Section_15,15
a56079ce-9b5d-4e4f-b7da-f945fbbdd701,Music 40,2021-08-26T18:08:23.000Z,2021-09-05T06:16:22.000Z,Section_sec40@contosoisd3.onmicrosoft.com,Section_sec40,Section_sec40,sec40
019e22ab-a521-4662-a131-c0b014818e82,Technology - Programming 187,2021-08-26T18:08:23.000Z,2021-09-05T06:16:22.000Z,Section_187@contosoisd3.onmicrosoft.com,Section_187,Section_187,187
0c7b43af-f202-4b32-997b-eb83af364f19,Science Biology 55,2021-08-26T18:08:23.000Z,2021-09-05T06:16:22.000Z,Section_55@contosoisd3.onmicrosoft.com,Section_55,Section_55,55
23e8a1ce-d02d-4df8-a9f4-c4f0b0e6aa7c,Math - Geometry 62,2021-08-26T18:08:23.000Z,2021-09-05T06:16:22.000Z,Section_62@contosoisd3.onmicrosoft.com,Section_62,Section_62,62
2dddc5d1-9a56-467b-9d03-10e4480f8e24,Technology - Programming 225,2021-08-26T18:08:23.000Z,2021-09-05T06:16:22.000Z,Section_225@contosoisd3.onmicrosoft.com,Section_225,Section_225,225
2fb16f71-f108-446b-b5af-ac4aed3114fb,Math - Algebra 76,2021-08-26T18:08:23.000Z,2021-09-05T06:16:22.000Z,Section_76@contosoisd3.onmicrosoft.com,Section_76,Section_76,76
3cd5be8f-e444-45a0-a08d-5e21503e726b,Math - Geometry 74,2021-08-26T18:08:23.000Z,2021-09-05T06:16:22.000Z,Section_sec74@contosoisd3.onmicrosoft.com,Section_sec74,Section_sec74,sec74
7053203f-b504-4d5a-b2e3-e1bd09a4bdc3,Technology - Programming 68,2021-08-26T18:08:23.000Z,2021-09-05T06:16:22.000Z,Section_sec68@contosoisd3.onmicrosoft.com,Section_sec68,Section_sec68,sec68
d2254654-4d7e-4833-b6ba-d42aaa08b44f,Physical Education 57,2021-08-26T18:08:23.000Z,2021-09-05T06:16:22.000Z,Section_sec57@contosoisd3.onmicrosoft.com,Section_sec57,Section_sec57,sec57
df4658e8-1977-4bdb-b005-7447f46759f7,English Language 173,2021-08-26T18:08:23.000Z,2021-09-05T06:16:22.000Z,Section_173@contosoisd3.onmicrosoft.com,Section_173,Section_173,173
6ad6fe4f-96a5-45ef-8bbc-4acf278bcd94,English Language 232,2021-08-26T18:08:23.000Z,2021-09-05T06:16:22.000Z,Section_232@contosoisd3.onmicrosoft.com,Section_232,Section_232,232
98d50677-22d0-47ca-95f5-b33625a57e07,Physical Education 55,2021-08-26T18:08:23.000Z,2021-09-05T06:16:22.000Z,Section_sec55@contosoisd3.onmicrosoft.com,Section_sec55,Section_sec55,sec55
aa5c923a-667c-415a-8822-30873791acde,Math - Algebra 5,2021-08-26T18:08:23.000Z,2021-09-05T06:16:22.000Z,Section_5@contosoisd3.onmicrosoft.com,Section_5,Section_5,5
d22718d6-b8cc-46b4-9345-39e923d4a396,History - World History 172,2021-08-26T18:08:23.000Z,2021-09-05T06:16:22.000Z,Section_172@contosoisd3.onmicrosoft.com,Section_172,Section_172,172
ffa5258c-7718-4cd3-a8af-e83d051d943c,Art 53,2021-08-26T18:08:23.000Z,2021-09-05T06:16:22.000Z,Section_53@contosoisd3.onmicrosoft.com,Section_53,Section_53,53
22d31469-2144-4175-a880-21994c7aa708,English Language 217,2021-08-26T18:08:23.000Z,2021-09-05T06:16:22.000Z,Section_217@contosoisd3.onmicrosoft.com,Section_217,Section_217,217
3ed2ba0d-dc4e-4534-9751-00c81d3f9b76,Math - Geometry 82,2021-08-26T18:08:23.000Z,2021-09-05T06:16:22.000Z,Section_82@contosoisd3.onmicrosoft.com,Section_82,Section_82,82
6a2f9344-172e-4210-a946-d8e2859528b9,English Language 214,2021-08-26T18:08:23.000Z,2021-09-05T06:16:22.000Z,Section_214@contosoisd3.onmicrosoft.com,Section_214,Section_214,214
ade46019-fda7-44dd-b39e-796657b44008,Math - Algebra 147,2021-08-26T18:08:23.000Z,2021-09-05T06:16:22.000Z,Section_147@contosoisd3.onmicrosoft.com,Section_147,Section_147,147
b172ac15-87e1-45f3-ade4-f89092fde519,History - World History 234,2021-08-26T18:08:23.000Z,2021-09-05T06:16:22.000Z,Section_234@contosoisd3.onmicrosoft.com,Section_234,Section_234,234
c99e58b7-fbf0-4378-91c5-4cea4cf9576f,Art 63,2021-08-26T18:08:23.000Z,2021-09-05T06:16:22.000Z,Section_sec63@contosoisd3.onmicrosoft.com,Section_sec63,Section_sec63,sec63
d5e1c54d-6617-4feb-bebf-210a1880b22a,Math - Geometry 174,2021-08-26T18:08:23.000Z,2021-09-05T06:16:22.000Z,Section_174@contosoisd3.onmicrosoft.com,Section_174,Section_174,174
e1c522f7-a432-4405-961d-aad30f0acb8c,Math - Geometry 220,2021-08-26T18:08:23.000Z,2021-09-05T06:16:22.000Z,Section_220@contosoisd3.onmicrosoft.com,Section_220,Section_220,220
e4251142-1722-425a-9a29-c2061c73eacf,Art 54,2021-08-26T18:08:23.000Z,2021-09-05T06:16:22.000Z,Section_54@contosoisd3.onmicrosoft.com,Section_54,Section_54,54
f329819f-d588-42fa-986f-cb7bb19fc6d9,Art 47,2021-08-26T18:08:23.000Z,2021-09-05T06:16:22.000Z,Section_47@contosoisd3.onmicrosoft.com,Section_47,Section_47,47
f37ac3a2-9521-46a5-9051-c20d5132580e,Math - Algebra 85,2021-08-26T18:08:23.000Z,2021-09-05T06:16:22.000Z,Section_85@contosoisd3.onmicrosoft.com,Section_85,Section_85,85
f67acfc9-3511-41f9-abba-bc44644a6d76,English Language 39,2021-08-26T18:08:23.000Z,2021-09-05T06:16:22.000Z,Section_39@contosoisd3.onmicrosoft.com,Section_39,Section_39,39
1b1461e5-bd6f-4319-9b06-75b97eaf19d5,Science Biology 216,2021-08-26T18:08:23.000Z,2021-09-05T06:16:22.000Z,Section_216@contosoisd3.onmicrosoft.com,Section_216,Section_216,216
38f7aede-24b3-43a6-91f9-db29751d700f,Science Biology 66,2021-08-26T18:08:23.000Z,2021-09-05T06:16:22.000Z,Section_sec66@contosoisd3.onmicrosoft.com,Section_sec66,Section_sec66,sec66
576a69fc-442b-45c8-b62f-fe0bcb564aab,Math - Geometry 170,2021-08-26T18:08:23.000Z,2021-09-05T06:16:22.000Z,Section_170@contosoisd3.onmicrosoft.com,Section_170,Section_170,170
71beead8-861e-4478-b193-779777f47428,History - World History 145,2021-08-26T18:08:23.000Z,2021-09-05T06:16:22.000Z,Section_145@contosoisd3.onmicrosoft.com,Section_145,Section_145,145
7e4bcf4d-49ff-4524-96cf-8c11aa1f7596,History - World History 6,2021-08-26T18:08:23.000Z,2021-09-05T06:16:22.000Z,Section_sec6@contosoisd3.onmicrosoft.com,Section_sec6,Section_sec6,sec6
93e4801b-c552-4204-af5f-3938ec521e48,Art 128,2021-08-26T18:08:23.000Z,2021-09-05T06:16:22.000Z,Section_128@contosoisd3.onmicrosoft.com,Section_128,Section_128,128
ece2360e-9b40-4af8-a448-a863c587b363,Technology - Programming 36,2021-08-26T18:08:23.000Z,2021-09-05T06:16:22.000Z,Section_36@contosoisd3.onmicrosoft.com,Section_36,Section_36,36
536e9583-bc2f-4c87-b127-346ee2a8316b,Health 19,2021-08-26T18:08:23.000Z,2021-09-05T06:16:22.000Z,Section_19@contosoisd3.onmicrosoft.com,Section_19,Section_19,19
64126740-8a0a-49b1-b727-4af36855d976,Science Biology 59,2021-08-26T18:08:23.000Z,2021-09-05T06:16:22.000Z,Section_sec59@contosoisd3.onmicrosoft.com,Section_sec59,Section_sec59,sec59
65c8c524-f22d-4363-aa5e-03ba1e88b40d,History - World History 65,2021-08-26T18:08:23.000Z,2021-09-05T06:16:22.000Z,Section_sec65@contosoisd3.onmicrosoft.com,Section_sec65,Section_sec65,sec65
83398237-8093-4525-9c66-30489be9acfe,History - World History 70,2021-08-26T18:08:23.000Z,2021-09-05T06:16:22.000Z,Section_70@contosoisd3.onmicrosoft.com,Section_70,Section_70,70
9c97b141-d7c0-438a-ac7a-6462601a607b,English Language 96,2021-08-26T18:08:23.000Z,2021-09-05T06:16:22.000Z,Section_96@contosoisd3.onmicrosoft.com,Section_96,Section_96,96
f0f8bf1f-1eb5-493a-a7c4-cceed8042946,Math - Geometry 44,2021-08-26T18:08:23.000Z,2021-09-05T06:16:22.000Z,Section_sec44@contosoisd3.onmicrosoft.com,Section_sec44,Section_sec44,sec44
07c07961-05dd-4c23-8a7c-ed97123d7490,Music 130,2021-08-26T18:08:23.000Z,2021-09-05T06:16:22.000Z,Section_130@contosoisd3.onmicrosoft.com,Section_130,Section_130,130
0cf328bd-0e75-4cfd-ba3c-fb0e6d6b4ef1,Math - Algebra 121,2021-08-26T18:08:23.000Z,2021-09-05T06:16:22.000Z,Section_121@contosoisd3.onmicrosoft.com,Section_121,Section_121,121
50286f7e-5367-4041-a778-e5d741570461,History - World History 171,2021-08-26T18:08:23.000Z,2021-09-05T06:16:22.000Z,Section_171@contosoisd3.onmicrosoft.com,Section_171,Section_171,171
5f2911b3-8e67-429d-ad81-7e1306a826b5,Math - Algebra 24,2021-08-26T18:08:23.000Z,2021-09-05T06:16:22.000Z,Section_24@contosoisd3.onmicrosoft.com,Section_24,Section_24,24
757f550a-6c2b-47bb-b0bb-5248305a8277,Music 9,2021-08-26T18:08:23.000Z,2021-09-05T06:16:22.000Z,Section_9@contosoisd3.onmicrosoft.com,Section_9,Section_9,9
8a32214a-9a43-4f22-9a42-d997ef0b5d45,Art 213,2021-08-26T18:08:23.000Z,2021-09-05T06:16:22.000Z,Section_213@contosoisd3.onmicrosoft.com,Section_213,Section_213,213
9f424379-0e61-4f5e-8d0e-a2f9af28eca7,Health 72,2021-08-26T18:08:23.000Z,2021-09-05T06:16:22.000Z,Section_sec72@contosoisd3.onmicrosoft.com,Section_sec72,Section_sec72,sec72
efafaa5b-cf0f-4738-bd20-63889877cf60,Math - Geometry 35,2021-08-26T18:08:23.000Z,2021-09-05T06:16:22.000Z,Section_35@contosoisd3.onmicrosoft.com,Section_35,Section_35,35
fb7c4cf7-8a20-4c12-8a75-cf15fefe26f2,Math - Geometry 29,2021-08-26T18:08:23.000Z,2021-09-05T06:16:22.000Z,Section_sec29@contosoisd3.onmicrosoft.com,Section_sec29,Section_sec29,sec29
2c06c20c-fd36-4eb1-baa3-12c51063b61d,Physical Education 65,2021-08-26T18:08:23.000Z,2021-09-05T06:16:22.000Z,Section_65@contosoisd3.onmicrosoft.com,Section_65,Section_65,65
2f350ce1-4b7c-4e93-b437-204df6b1d96c,History - World History 139,2021-08-26T18:08:23.000Z,2021-09-05T06:16:22.000Z,Section_139@contosoisd3.onmicrosoft.com,Section_139,Section_139,139
6eb5d1bf-1f2a-4917-84d0-beac009d00ab,Science Biology 99,2021-08-26T18:08:23.000Z,2021-09-05T06:16:22.000Z,Section_99@contosoisd3.onmicrosoft.com,Section_99,Section_99,99
6f1f2902-08ad-4d6e-91f8-abad37427e0b,History - World History 143,2021-08-26T18:08:23.000Z,2021-09-05T06:16:22.000Z,Section_143@contosoisd3.onmicrosoft.com,Section_143,Section_143,143
92e37bbe-8fa4-4bbd-b0f4-0b13fb2a26d8,Music 61,2021-08-26T18:08:23.000Z,2021-09-05T06:16:22.000Z,Section_sec61@contosoisd3.onmicrosoft.com,Section_sec61,Section_sec61,sec61
99ac4d21-0bd2-4b9a-b11c-a79d05b68e38,English Language 36,2021-08-26T18:08:23.000Z,2021-09-05T06:16:22.000Z,Section_sec36@contosoisd3.onmicrosoft.com,Section_sec36,Section_sec36,sec36
b09e78fc-2db7-4fde-bd89-01bb47683525,Math - Geometry 56,2021-08-26T18:08:23.000Z,2021-09-05T06:16:22.000Z,Section_sec56@contosoisd3.onmicrosoft.com,Section_sec56,Section_sec56,sec56
dbec3d57-1603-4e38-921d-f0beef8b23c4,History - World History 110,2021-08-26T18:08:23.000Z,2021-09-05T06:16:22.000Z,Section_110@contosoisd3.onmicrosoft.com,Section_110,Section_110,110
edd19789-ddd1-4f05-b436-84b7f17cf448,Technology - Programming 26,2021-08-26T18:08:23.000Z,2021-09-05T06:16:22.000Z,Section_26@contosoisd3.onmicrosoft.com,Section_26,Section_26,26
37aca8e5-1e21-4f90-818d-5f0e999bf8e9,Physical Education 100,2021-08-26T18:08:23.000Z,2021-09-05T06:16:22.000Z,Section_100@contosoisd3.onmicrosoft.com,Section_100,Section_100,100
b2115b0a-f7f1-430e-950f-c6b0007aab07,Math - Algebra 20,2021-08-26T18:08:23.000Z,2021-09-05T06:16:22.000Z,Section_sec20@contosoisd3.onmicrosoft.com,Section_sec20,Section_sec20,sec20
b52af409-438b-4859-a85d-8ce7bcd2982a,Science Biology 186,2021-08-26T18:08:23.000Z,2021-09-05T06:16:22.000Z,Section_186@contosoisd3.onmicrosoft.com,Section_186,Section_186,186
b73c2ef5-ae29-448b-86f1-1856bb5461f0,English Language 207,2021-08-26T18:08:23.000Z,2021-09-05T06:16:22.000Z,Section_207@contosoisd3.onmicrosoft.com,Section_207,Section_207,207
dd729b6c-e68e-44cc-a399-c810be16a7dc,Science Biology 229,2021-08-26T18:08:23.000Z,2021-09-05T06:16:22.000Z,Section_229@contosoisd3.onmicrosoft.com,Section_229,Section_229,229
e8ddbe00-493a-417d-bf36-31fd271687f0,Math - Algebra 188,2021-08-26T18:08:23.000Z,2021-09-05T06:16:22.000Z,Section_188@contosoisd3.onmicrosoft.com,Section_188,Section_188,188
f266ade5-a051-46f4-bcc1-1b14f938813c,Music 126,2021-08-26T18:08:23.000Z,2021-09-05T06:16:22.000Z,Section_126@contosoisd3.onmicrosoft.com,Section_126,Section_126,126
f6a7826a-ec64-48a4-97fa-08dacf6b4d6e,Art 25,2021-08-26T18:08:23.000Z,2021-09-05T06:16:22.000Z,Section_sec25@contosoisd3.onmicrosoft.com,Section_sec25,Section_sec25,sec25
4d81b453-12b1-4cb1-b139-ec991dccc634,Health 82,2021-08-26T18:08:23.000Z,2021-09-05T06:16:22.000Z,Section_sec82@contosoisd3.onmicrosoft.com,Section_sec82,Section_sec82,sec82
52e8eff6-39ea-431c-a7af-712a9d3aefe1,Technology - Programming 59,2021-08-26T18:08:23.000Z,2021-09-05T06:16:22.000Z,Section_59@contosoisd3.onmicrosoft.com,Section_59,Section_59,59
53ab97c1-d001-4af0-9e19-4e95c9c80d54,Physical Education 60,2021-08-26T18:08:23.000Z,2021-09-05T06:16:22.000Z,Section_sec60@contosoisd3.onmicrosoft.com,Section_sec60,Section_sec60,sec60
6fa044a7-2490-4d8b-9c68-8eae6f3d324f,History - World History 159,2021-08-26T18:08:23.000Z,2021-09-05T06:16:22.000Z,Section_159@contosoisd3.onmicrosoft.com,Section_159,Section_159,159
f42f35d0-16f2-4b2d-8bcc-813d9ab5055b,Math - Geometry 163,2021-08-26T18:08:23.000Z,2021-09-05T06:16:22.000Z,Section_163@contosoisd3.onmicrosoft.com,Section_163,Section_163,163
060eeb20-f0d8-4b75-87c2-231a04d54873,Science Biology 223,2021-08-26T18:08:23.000Z,2021-09-05T06:16:22.000Z,Section_223@contosoisd3.onmicrosoft.com,Section_223,Section_223,223
331236f3-dcd5-47c0-9763-b6426a142059,Physical Education 33,2021-08-26T18:08:23.000Z,2021-09-05T06:16:22.000Z,Section_sec33@contosoisd3.onmicrosoft.com,Section_sec33,Section_sec33,sec33
7d4cc875-d99f-4a98-a405-b2bfe576ce5a,Art 101,2021-08-26T18:08:23.000Z,2021-09-05T06:16:22.000Z,Section_101@contosoisd3.onmicrosoft.com,Section_101,Section_101,101
dd9c3b8a-c4a7-43af-8b94-b7109649d160,History - World History 50,2021-08-26T18:08:23.000Z,2021-09-05T06:16:22.000Z,Section_sec50@contosoisd3.onmicrosoft.com,Section_sec50,Section_sec50,sec50
e72bd2e3-40ac-4634-ae38-1eed12667219,Physical Education 69,2021-08-26T18:08:23.000Z,2021-09-05T06:16:22.000Z,Section_sec69@contosoisd3.onmicrosoft.com,Section_sec69,Section_sec69,sec69
ea0d9f59-c4a3-4730-b624-86106f7bddaf,Health 88,2021-08-26T18:08:23.000Z,2021-09-05T06:16:22.000Z,Section_88@contosoisd3.onmicrosoft.com,Section_88,Section_88,88
f8b28bfd-421f-434f-b407-55163725a029,History - World History 37,2021-08-26T18:08:23.000Z,2021-09-05T06:16:22.000Z,Section_sec37@contosoisd3.onmicrosoft.com,Section_sec37,Section_sec37,sec37
1b816272-713f-4844-bd0d-9ac07f08d325,Music 70,2021-08-26T18:08:23.000Z,2021-09-05T06:16:22.000Z,Section_sec70@contosoisd3.onmicrosoft.com,Section_sec70,Section_sec70,sec70
2798d9b7-49c9-44e9-b141-c76f5ec16735,Art 30,2021-08-26T18:08:23.000Z,2021-09-05T06:16:22.000Z,Section_sec30@contosoisd3.onmicrosoft.com,Section_sec30,Section_sec30,sec30
3250382d-8be7-4a24-b43e-05bfd46b3af9,English Language 87,2021-08-26T18:08:23.000Z,2021-09-05T06:16:22.000Z,Section_sec87@contosoisd3.onmicrosoft.com,Section_sec87,Section_sec87,sec87
52bb0a45-6c55-41f3-ac36-d18b61a20bb5,Art 25,2021-08-26T18:08:23.000Z,2021-09-05T06:16:22.000Z,Section_25@contosoisd3.onmicrosoft.com,Section_25,Section_25,25
5903c37c-035d-415b-b57b-030cd87b0ea3,Science Biology 227,2021-08-26T18:08:23.000Z,2021-09-05T06:16:22.000Z,Section_227@contosoisd3.onmicrosoft.com,Section_227,Section_227,227
7629ac2d-a9ae-4539-bd53-c798b67c9f92,Technology - Programming 78,2021-08-26T18:08:23.000Z,2021-09-05T06:16:22.000Z,Section_sec78@contosoisd3.onmicrosoft.com,Section_sec78,Section_sec78,sec78
b92a7a52-cb26-4e03-80ce-15633bf73050,Science Biology 23,2021-08-26T18:08:23.000Z,2021-09-05T06:16:22.000Z,Section_sec23@contosoisd3.onmicrosoft.com,Section_sec23,Section_sec23,sec23
11132d8f-cf78-41a4-8c13-1bec19f3cf45,Art 115,2021-08-26T18:08:23.000Z,2021-09-05T06:16:22.000Z,Section_115@contosoisd3.onmicrosoft.com,Section_115,Section_115,115
18ad4ce7-73e0-4a5b-928d-8f3d25f54e10,Physical Education 31,2021-08-26T18:08:23.000Z,2021-09-05T06:16:22.000Z,Section_sec31@contosoisd3.onmicrosoft.com,Section_sec31,Section_sec31,sec31
4e379eba-f881-481b-a83a-7f1eaea4e9c7,Music 85,2021-08-26T18:08:23.000Z,2021-09-05T06:16:22.000Z,Section_sec85@contosoisd3.onmicrosoft.com,Section_sec85,Section_sec85,sec85
778c7124-f10d-406d-a6ae-3689ba37d120,Math - Geometry 57,2021-08-26T18:08:23.000Z,2021-09-05T06:16:22.000Z,Section_57@contosoisd3.onmicrosoft.com,Section_57,Section_57,57
7e22ad8f-acb4-4b2b-bb78-05bb5eadf4f7,Math - Geometry 84,2021-08-26T18:08:23.000Z,2021-09-05T06:16:22.000Z,Section_84@contosoisd3.onmicrosoft.com,Section_84,Section_84,84
888b8027-02de-47e2-a5d0-22f53177a1c9,History - World History 8,2021-08-26T18:08:23.000Z,2021-09-05T06:16:22.000Z,Section_8@contosoisd3.onmicrosoft.com,Section_8,Section_8,8
893e7cd8-d3e2-4eee-a3b0-7970b9aaafb6,Health 48,2021-08-26T18:08:23.000Z,2021-09-05T06:16:22.000Z,Section_48@contosoisd3.onmicrosoft.com,Section_48,Section_48,48
8fdc406c-34ba-4dec-b893-bd736f33a01e,Math - Algebra 89,2021-08-26T18:08:23.000Z,2021-09-05T06:16:22.000Z,Section_sec89@contosoisd3.onmicrosoft.com,Section_sec89,Section_sec89,sec89
a7ea1027-36ea-4ae7-a86b-29bd0896201f,Math - Algebra 132,2021-08-26T18:08:23.000Z,2021-09-05T06:16:22.000Z,Section_132@contosoisd3.onmicrosoft.com,Section_132,Section_132,132
e4259167-9484-4435-a33c-16e216aae671,Health 203,2021-08-26T18:08:23.000Z,2021-09-05T06:16:22.000Z,Section_203@contosoisd3.onmicrosoft.com,Section_203,Section_203,203
398262a0-e612-4796-ae1e-a14666eab8bc,Math - Geometry 49,2021-08-26T18:08:23.000Z,2021-09-05T06:16:22.000Z,Section_49@contosoisd3.onmicrosoft.com,Section_49,Section_49,49
3f319351-b2fb-477c-b096-1e1c5089deb1,Math - Geometry 80,2021-08-26T18:08:23.000Z,2021-09-05T06:16:22.000Z,Section_80@contosoisd3.onmicrosoft.com,Section_80,Section_80,80
5ad42876-b890-48eb-82c9-909885e324ff,English Language 32,2021-08-26T18:08:23.000Z,2021-09-05T06:16:22.000Z,Section_sec32@contosoisd3.onmicrosoft.com,Section_sec32,Section_sec32,sec32
61b4745c-bd07-48a1-ad38-befc15db2e9c,English Language 63,2021-08-26T18:08:23.000Z,2021-09-05T06:16:22.000Z,Section_63@contosoisd3.onmicrosoft.com,Section_63,Section_63,63
71f90243-cea4-4cb5-b6d7-73c2d1cc0569,Science Biology 62,2021-08-26T18:08:23.000Z,2021-09-05T06:16:22.000Z,Section_sec62@contosoisd3.onmicrosoft.com,Section_sec62,Section_sec62,sec62
77db0850-91a9-40ac-880d-b9c12f56c8ee,Math - Geometry 84,2021-08-26T18:08:23.000Z,2021-09-05T06:16:22.000Z,Section_sec84@contosoisd3.onmicrosoft.com,Section_sec84,Section_sec84,sec84
b6acb8c2-5c9a-469e-817f-929939ac5c2d,Physical Education 45,2021-08-26T18:08:23.000Z,2021-09-05T06:16:22.000Z,Section_45@contosoisd3.onmicrosoft.com,Section_45,Section_45,45
0ff5598c-735f-42f4-92ff-45b5dbb10b51,History - World History 202,2021-08-26T18:08:23.000Z,2021-09-05T06:16:22.000Z,Section_202@contosoisd3.onmicrosoft.com,Section_202,Section_202,202
2640b96c-65e5-42a1-ad6e-5e4160608535,Health 8,2021-08-26T18:08:23.000Z,2021-09-05T06:16:22.000Z,Section_sec8@contosoisd3.onmicrosoft.com,Section_sec8,Section_sec8,sec8
7195e25a-80de-45b7-ac83-e8979d0b9f11,Music 193,2021-08-26T18:08:23.000Z,2021-09-05T06:16:22.000Z,Section_193@contosoisd3.onmicrosoft.com,Section_193,Section_193,193
921f834b-94c6-4fde-9e4e-26c9d7fc8b8c,English Language 43,2021-08-26T18:08:23.000Z,2021-09-05T06:16:22.000Z,Section_43@contosoisd3.onmicrosoft.com,Section_43,Section_43,43
9d9ad422-4383-4f09-aeb7-8009f8ba8420,Art 168,2021-08-26T18:08:23.000Z,2021-09-05T06:16:22.000Z,Section_168@contosoisd3.onmicrosoft.com,Section_168,Section_168,168
dcf9e85c-de01-4536-a73c-7ba7de7ea1f0,Science Biology 11,2021-08-26T18:08:23.000Z,2021-09-05T06:16:22.000Z,Section_sec11@contosoisd3.onmicrosoft.com,Section_sec11,Section_sec11,sec11
dd43ef83-67bf-4628-8ab7-1a360436d027,Art 183,2021-08-26T18:08:23.000Z,2021-09-05T06:16:22.000Z,Section_183@contosoisd3.onmicrosoft.com,Section_183,Section_183,183
1dfdf4ad-7753-4a8d-ba00-e7ed06b0b237,Science Biology 26,2021-08-26T18:08:23.000Z,2021-09-05T06:16:22.000Z,Section_sec26@contosoisd3.onmicrosoft.com,Section_sec26,Section_sec26,sec26
57c64748-5a85-4bd6-8855-c798ee3472c5,History - World History 27,2021-08-26T18:08:23.000Z,2021-09-05T06:16:22.000Z,Section_sec27@contosoisd3.onmicrosoft.com,Section_sec27,Section_sec27,sec27
7628f22a-87b8-4da1-942f-14a038641c86,Art 32,2021-08-26T18:08:23.000Z,2021-09-05T06:16:22.000Z,Section_32@contosoisd3.onmicrosoft.com,Section_32,Section_32,32
79c77423-35c7-4279-8586-1a550a84c9f8,Physical Education 166,2021-08-26T18:08:23.000Z,2021-09-05T06:16:22.000Z,Section_166@contosoisd3.onmicrosoft.com,Section_166,Section_166,166
898232d9-d6ec-49f9-9f79-7168a7f80433,Health 191,2021-08-26T18:08:23.000Z,2021-09-05T06:16:22.000Z,Section_191@contosoisd3.onmicrosoft.com,Section_191,Section_191,191
94337e48-c01d-4723-a89f-0be3ac135423,Physical Education 77,2021-08-26T18:08:23.000Z,2021-09-05T06:16:22.000Z,Section_77@contosoisd3.onmicrosoft.com,Section_77,Section_77,77
99fd7170-b34e-4927-a92e-33cb3032e19c,English Language 111,2021-08-26T18:08:23.000Z,2021-09-05T06:16:22.000Z,Section_111@contosoisd3.onmicrosoft.com,Section_111,Section_111,111
d4a70dc5-451e-4226-bc43-f3f1a87f5a2c,Technology - Programming 87,2021-08-26T18:08:23.000Z,2021-09-05T06:16:22.000Z,Section_87@contosoisd3.onmicrosoft.com,Section_87,Section_87,87
eb820b15-05b4-458e-a55a-b7da9c378842,Physical Education 167,2021-08-26T18:08:23.000Z,2021-09-05T06:16:22.000Z,Section_167@contosoisd3.onmicrosoft.com,Section_167,Section_167,167
